company_name,symbol
"1-800-FLOWERS.COM, INC.",FLWS
"21Vianet Group,Inc.",VNET
3D Systems Corporation,DDD
3M,MMM
51job,JOBS
58.Com Inc,WUBA
8x8,EGHT
A. H. Belo,AHC
"A. Schulman, Inc.",SHLM
"A10 Networks, Inc",ATEN
AAON,AAON
"AAON, Inc.",AAON
AAR,AIR
AAR CORP.,AIR
AB,AB
ABB,ABB
ABM Industries,ABM
ACADIA Pharmaceuticals Inc.,ACAD
ACCO Brands,ACCO
ACI Worldwide,ACIW
ADC,ADC
"ADMA Biologics, Inc.",ADMA
ADP,ADP
ADT,ADT
ADTRAN,ADTN
AECOM,ACM
AGCO Corporation,AGCO
AGTC,AGTC
AIG,AIG
ALLETE,ALE
AMAG Pharmaceuticals,AMAG
AMC Networks,AMCX
AMD,AMD
AMERICAN EAGLE OUTFITTERS INC.,AEO
"AMERISAFE, Inc.",AMSF
AMETEK,AME
AMSC,AMSC
"ANI Pharmaceuticals, Inc.",ANIP
"ANSYS, Inc.",ANSS
AOL,AOL
ARC Document Solutions,ARC
"ARC Group Worldwide, Inc.",ARCW
"ARC Wireless, LLC",ARCW
"ARCA biopharma, Inc.",ABIO
"ARCA, Inc.",ABIO
ARRIS,ARRS
ASR,ASR
ASUR,ASUR
AT&T,T
AUO,AUO
"AV Homes, Inc.",AVHI
AVX,AVX
AXIS Capital,AXS
"AXT, Inc.",AXTI
AZZ Incorporated,AZZ
"Aaron's, Inc",AAN
"Abaxis, Inc.",ABAX
AbbVie,ABBV
Abbott,ABT
Abercrombie & Fitch,ANF
Abiomed,ABMD
Acacia Research,ACTG
Acadia Healthcare,ACHC
Acadia Realty Trust,AKR
Accelerate Diagnostics,AXDX
Acceleron Pharma,XLRN
Accenture,ACN
Accuray,ARAY
"AcelRx Pharmaceuticals, Inc.",ACRX
Achaogen,AKAO
"Achillion Pharmaceuticals, Inc.",ACHN
"Acorda Therapeutics, Inc.",ACOR
Acorn International,ATV
Activision,ATVI
Actuant Corporation,ATU
Acuity Brands,AYI
Acxiom,ACXM
"Adamas Pharmaceuticals, Inc.",ADMS
Addus HomeCare,ADUS
Adecoagro,AGRO
Adobe,ADBE
Advance Auto Parts,AAP
Advanced Energy,AEIS
"Advaxis, Inc.",ADXS
Aegion Corporation,AEGN
Aehr Test Systems,AEHR
Aemetis,AMTX
AerCap,AER
Aerie Pharmaceuticals,AERI
AeroVironment,AVAV
Aerohive Networks,HIVE
"Aethlon Medical, Inc.",AEMD
Aetna,AET
Affimed,AFMD
Affymetrix,AFFX
Aflac,AFL
Agenus,AGEN
Agilent Technologies,A
Agilysys,AGYS
Agios Pharmaceuticals,AGIO
Agnico Eagle Mines Limited,AEM
Air Lease Corporation,AL
Air Products,APD
"Air Transport Services Group, Inc.",ATSG
Aircastle,AYR
Airmedia Inc.,AMCN
Akamai Technologies,AKAM
Akebia Therapeutics,AKBA
"Akorn, Inc",AKRX
Alamo Group Inc.,ALG
Alamos Gold Inc.,AGI
Alaska Communications,ALSK
Albany International Corp.,AIN
Albemarle Corporation,ALB
Alcoa,AA
Alder Biopharmaceuticals Inc. (Nasdaq: ALDR),ALDR
Alexander & Baldwin,ALEX
"Alexander & Baldwin, Inc.",ALEX
"Alexion Pharmaceuticals, Inc.",ALXN
Alibaba.com,BABA
Align Technology,ALGN
Alimera Sciences,ALIM
Alkermes,ALKS
Alleghany Corporation,Y
Allegiant,ALGT
Allergan,AGN
Alliance Data,ADS
Alliance HealthCare Services,AIQ
Alliance One,AOI
AllianceBernstein,AB
Alliant Energy,LNT
"Allied Healthcare Products, Inc.",AHPI
Allied Motion Technologies Inc.,AMOT
Allison Transmission,ALSN
Allot Communications,ALLT
Allscripts,MDRX
Ally,ALLY
Ally Financial Inc.,ALLY
Alnylam Pharmaceuticals,ALNY
Alpha & Omega Semiconductor,AOSL
Altera,ALTR
Altisource,ASPS
Altra Industrial Motion,AIMC
Altria,MO
"AmTrust Financial Services, Inc. (AFSI)",AFSI
Amarin Corporation,AMRN
Amazon,AMZN
Ambac,AMBC
Amber Road,AMBR
Ambient Corporation,AMBTQ
Amdocs,DOX
Amedica Corporation,AMDA
Amedisys,AMED
Ameren,AEE
Ameresco,AMRC
AmeriGas,APU
"America's CAR-MART, Inc.",CRMT
American Airlines,AAL
"American Assets Trust, Inc.",AAT
American Campus Communities,ACC
American Eagle Outfitters,AEO
American Electric Power,AEP
"American Electric Technologies, Inc.",AETI
American Equity,AEL
American Express,AXP
American Homes 4 Rent,AMH
"American Midstream, LLC",AMID
"American Midstream, LP",AMID
American National,ANAT
"American Railcar Industries, Inc.",ARII
American States Water Company,AWR
American Tower,AMT
American Water,AWK
"Amerisafe, Inc.",AMSF
AmerisourceBergen,ABC
Amgen,AMGN
Amicus Therapeutics,FOLD
Amkor Technology,AMKR
"Amkor Technology, Inc.",AMKR
"Amphastar Pharmaceuticals, Inc.",AMPH
Amphenol,APH
Amyris,AMRS
Anadarko Petroleum Corporation,APC
Analog Devices,ADI
Anavex Life Sciences,AVXL
Angie's List,ANGI
AngioDynamics,ANGO
AngloGold Ashanti,AU
Anheuser-Busch InBev,BUD
Anika Therapeutics,ANIK
Anixter,AXE
Annaly Capital Management,NLY
Antares Pharma Inc.,ATRS
Antero Resources,AR
Anthem,ANTM
"Anthem, Inc.",ANTM
Anworth Mortgage,ANH
Aon,AON
"Apogee Enterprises, Inc.",APOG
Apple,AAPL
Applied Materials,AMAT
"Applied Optoelectronics, Inc.",AAOI
Approach Resources Inc.,AREX
"Apricus Biosciences, Inc.",APRI
AptarGroup,ATR
"AptarGroup, Inc.",ATR
Aqua America,WTR
"Aquinox Pharmaceuticals, Inc.",AQXP
ArQule,ARQL
Aradigm Corporation,ARDM
Aramark,ARMK
Aratana Therapeutics Inc.,PETX
Arbor Realty Trust,ABR
ArcelorMittal,MT
"Ardelyx, Inc.",ARDX
"Arena Pharmaceuticals, Inc.",ARNA
"Ares Management, L.P.",ARES
Arista Networks,ANET
Ark Restaurants,ARKR
Armstrong World Industries,AWI
Array BioPharma Inc.,ARRY
Arrow Electronics,ARW
Artisan Partners,APAM
"Aruba, a Hewlett Packard Enterprise company",ARUN
Asbury Automotive Group,ABG
"Ascena Retail Group, Inc.",ASNA
Ashland,ASH
Aspen Aerogels,ASPN
Aspen Technology,AZPN
"Assembly Biosciences, Inc.",ASMB
Assurant,AIZ
Assured Guaranty,AGO
AstraZeneca,AZN
Astronics Corporation,ATRO
Asure Software,ASUR
Atento,ATTO
Athersys,ATHX
Atlantic American,AAME
Atlantic Power Corporation,AT
Atlanticus,ATLC
Atlas Air,AAWW
"Atlas Financial Holdings, Inc.",AFH
Atmos Energy,ATO
"Atossa Genetics, Inc.",ATOS
"AtriCure, Inc.",ATRC
Atrion Corp,ATRI
Attunity,ATTU
AudioCodes,AUDC
AutoNation,AN
AutoZone,AZO
Autodesk,ADSK
Autoliv,ALV
Avago Technologies,AVGO
"Avalanche Biotechnologies, Inc.",AAVL
AvalonBay Communities,AVB
Avery Dennison,AVY
Aviat Networks,AVNW
Avid,AVID
Avid Technology,AVID
Avis Budget Group,CAR
Avista,AVA
Avnet,AVT
Avon,AVP
"Aware, Inc.",AWRE
Axalta Coating Systems,AXTA
Axcelis Technologies,ACLS
"Axiall, a Westlake Company",AXLL
"AxoGen, Inc.",AXGN
B&G Foods,BGS
B. Riley Financial,RILY
BASi,BASI
BB&T,BBT
BBSI,BBSI
BBVA,BBVA
BBX Capital Corporation,BBX
BGC Partners,BGCP
"BIOLASE, Inc.",BIOL
"BJ's Restaurants, Inc.",BJRI
BOK Financial,BOKF
BP,BP
BRF,BRFS
BSQUARE,BSQR
BT,BT
BTU International,BTUI
Badger Meter,BMI
"Baidu, Inc.",BIDU
"Baldwin & Lyons, Inc.",BWINB
Ball Corporation,BLL
Ballard Power Systems,BLDP
Banc of California,BANC
BancFirst,BANF
Banco Macro,BMA
Banco Santander,SAN
Banco de Chile,BCH
Bancolombia,CIB
BancorpSouth,BXS
Bank of America,BAC
Bank of Commerce Holdings,BOCH
Bank of Hawaii,BOH
Bank of Marin,BMRC
Bank of The James,BOTJ
BankFinancial,BFIN
BankUnited,BKU
Bankwell,BWFG
Barclays,BCS
"Barnes & Noble, Inc.",BKS
Barnes Group Inc.,B
Barrick Gold Corporation,ABX
Basic Energy Services,BAS
"Bassett Furniture Industries, Inc.",BSET
Baxter International Inc.,BAX
Bazaarvoice,BV
Beacon Roofing Supply,BECN
Beasley Broadcast Group,BBGI
Beazer Homes,BZH
Bed Bath & Beyond,BBBY
Belden Inc.,BDC
"Bellicum Pharmaceuticals, Inc.",BLCM
Belmond,BEL
"Bemis Company, Inc.",BMS
Benchmark Electronics,BHE
"Benchmark Electronics, Inc.",BHE
Benefitfocus,BNFT
Best Buy,BBY
Big 5 Sporting Goods,BGFV
Bio-Path Holdings,BPTH
Bio-Rad Laboratories,BIO
Bio-Techne,TECH
"BioCryst Pharmaceuticals, Inc.",BCRX
"BioLife Solutions, Inc.",BLFS
BioMarin Pharmaceutical Inc.,BMRN
"BioScrip, Inc.",BIOS
"BioTelemetry, Inc.",BEAT
"Biocept, Inc. - Personalized Medicine From a Liquid Biopsy",BIOC
Biodel Inc.,BIOD
Biogen,BIIB
Black Box,BBOX
Black Hills Corporation,BKH
BlackRock,BLK
Blackbaud,BLKB
Blucora,BCOR
"Blueknight Energy Partners, LP",BKEP
"Boardwalk Pipeline Partners, LP",BWP
Boingo Wireless,WIFI
Boise Cascade Company,BCC
"Bonanza Creek Energy, Inc.",BCEI
Boot Barn,BOOT
Booz Allen Hamilton,BAH
Borderfree,BRDR
BorgWarner Inc.,BWA
Boston Private,BPFH
Boston Properties,BXP
Boston Scientific,BSX
Bottomline Technologies,EPAY
Box,TEU
Boyd Gaming,BYD
Brainstorm Cell Therapeutics,BCLI
Brandywine Realty Trust,BDN
Bridgepoint Education,BPI
Bridgford Foods,BRID
Bright Horizons,BFAM
Brightcove,BCOV
Brinker International,EAT
Bristol-Myers Squibb,BMY
Bristow Group,BRS
Brixmor Property Group,BRX
BroadVision,BVSN
Broadcom Inc.,BRCM
Broadwind Energy,BWEN
Brookdale,BKD
Brookfield Asset Management,BAM
Brooks Automation,BRKS
Brown-Forman,BF-B
Bruker,BRKR
Brunswick Corporation,BC
Buckeye Partners,BPL
Build-A-Bear Workshop,BBW
Builders FirstSource,BLDR
Bunge,BG
"Burlington Stores, Inc.",BURL
CA Technologies,CA
CAE,CAE
CARBO,CRR
CAS Medical Systems,CASM
CBIZ,CBZ
"CBL & Associates Properties, Inc.",CBL
CBOE,CBOE
CBS Corporation,CBS
CCU,CCU
CDK Global,CDK
CDW,CDW
CEB,CEB
"CEB, now Gartner",CEB
CEMEX,CX
"CEVA, Inc.",CEVA
CF Industries,CF
CGG,CGG
CGI,CGI
"CIRCOR International, Inc.",CIR
CIT,CIT
CME Group,CME
CNH Industrial,CNHI
CNO Financial Group,CNO
CNOOC,CEO
CONMED Corporation,CNMD
CONSOL Energy,CNX
CPFL Energia,CPL
CPS Technologies Corp.,CPSH
CPSI,CPSI
CRH,CRH
CSC,CSC
CSG,CSG
CSI Compressco LP,CCLP
"CSI Compressco, LP",CCLP
CSPi,CSPI
"CSS Industries, Inc.",CSS
CSX,CSX
CTI BioPharma,CTIC
CTS Corporation,CTS
"CUI Global, Inc.",CUI
CVD Equipment Corporation,CVV
"CVR Partners, LP",UAN
CVS Health,CVS
Cabot Corporation,CBT
Cabot Microelectronics,CCMP
Cabot Oil & Gas Corporation,COG
Cadence Design Systems,CDNS
Cadiz Inc.,CDZI
CafePress Inc.,PRSS
"Cal-Maine Foods, Inc.",CALM
CalAmp,CAMP
Calavo Growers,CVGW
Calithera Biosciences,CALA
Calix,CALX
Callaway Golf,ELY
Callon Petroleum Company,CPE
Cambium Learning Group,ABCD
Cambrex,CBM
Camden Property Trust,CPT
"Cameron, a Schlumberger company",CAM
Campbell Soup Company,CPB
Camtek,CAMT
Canadian Pacific Railway,CP
Canadian Solar Inc.,CSIQ
"Cancer Genetics, Inc.",CGIX
Canterbury Park,CPHC
"Capital City Bank Group, Inc.",CCBG
Capital One,COF
Capital Product Partners L.P.,CPLP
Capital Senior Living,CSU
Capital Southwest Corporation,CSWC
Capstone Turbine,CPST
CarMax,KMX
Cara Therapeutics,CARA
Carbonite,CARB
Cardinal Health,CAH
"Cardiovascular Systems, Inc.",CSII
Cardtronics,CATM
Care.com,CRCM
"CareDx, Inc.",CDNA
CareFusion,CFN
Carriage Services,CSV
"Carrizo Oil & Gas, Inc.",CRZO
Cascade Microtech,CSCD
"Casella Waste Systems, Inc.",CWST
"Casey's General Stores, Inc.",CASY
Cass Information Systems,CASS
Castlight Health,CSLT
Caterpillar Inc.,CAT
"Cavco Industries, Inc.",CVCO
"Cedar Realty Trust, Inc.",CDR
Celanese,CE
Celator Pharmaceuticals,CPXX
Celestica,CLS
Celgene,CELG
Celldex Therapeutics,CLDX
"Cellectar Biosciences, Inc.",CLRB
Cementos Pacasmayo SAA,CPAC
Cenovus Energy,CVE
CenterPoint Energy,CNP
Central Garden & Pet,CENT
Century Aluminum,CENX
"Century Communities, Inc. (NYSE:CCS)",CCS
CenturyLink,CTL
Cepheid,CPHD
Ceragon Networks,CRNT
Cerner Corporation,CERN
Cerus,CERS
Cesca Therapeutics Inc.,KOOL
"Champions Oncology, Inc.",CSBR
Changyou.com (China),CYOU
"Chanticleer Holdings, Inc.",HOTR
"Charles & Colvard, Ltd.",CTHR
Charles River Laboratories,CRL
"Chart Industries, Inc.",GTLS
Charter Communications,CHTR
"Check Point Software, Ltd",CHKP
Cheetah Mobile,CMCM
Chegg Inc.,CHGG
ChemoCentryx,CCXI
Cherokee Inc.,CHKE
Chesapeake Energy,CHK
Chesapeake Lodging Trust,CHSP
Chevron,CVX
"Chico's FAS, Inc.",CHS
"Chimerix, Inc.",CMRX
"China Automotive Systems,Inc.",CAAS
"China BAK Battery, Inc.",CBAK
"China Biologic Products, Inc",CBPO
China Finance Online,JRJC
China Mobile,CHL
China Southern Airlines,ZNH
China XD Plastics,CXDC
ChinaCache,CCIH
"Chinanet Online Holdings, Inc.",CNET
Chipotle Mexican Grill,CMG
Choice Hotels International,CHH
Chunghwa Telecom,CHT
"Church & Dwight Co., Inc.",CHD
"Church & Dwight, Co., Inc.",CHD
Ciena,CIEN
Cigna,CI
Cimarex Energy,XEC
Cimpress,CMPR
Cincinnati Bell,CBB
Cinedigm,CIDM
Cinemark,CNK
Cintas,CTAS
Cirrus Logic,CRUS
Cisco,CSCO
Citi,CTRN
Citi Trends,CTRN
Citizens Inc.,CIA
Citrix,CTXS
Clean Energy Fuels,CLNE
Clean Harbors,CLH
ClearOne,CLRO
ClearSign Combustion Corp,CLIR
Clearfield,CLFD
Clearwater Paper Corporation,CLW
Cleveland Biolabs,CBLI
Clovis Oncology,CLVS
CoBiz Financial,COBZ
CoBiz Financial Inc.,COBZ
CoStar Group,CSGP
Coca-Cola FEMSA,KOF
"Codexis, Inc.",CDXS
"Coeur Mining, Inc.",CDE
Cogent Communications,CCOI
Cognex Corporation,CGNX
Cognizant,CTSH
Cohen & Steers,CNS
Coherent Inc.,COHR
Coherus BioSciences,CHRS
"Cohu, Inc.",COHU
Colgate-Palmolive,CL
Collectors Universe,CLCT
Colony Financial,CLNY
Columbia Property Trust,CXP
Columbia Sportswear Company,COLM
Columbus McKinnon,CMCO
Comcast,CMCSA
Comfort Systems USA,FIX
CommScope,CTV
Commercial Metals Company,CMC
"Commercial Vehicle Group, Inc.",CVGI
"Communications Systems, Inc.",JCS
"Community Bank System, Inc.",CBU
Community Health Systems,CYH
Commvault,CVLT
Compugen Ltd.,CGEN
Computer Task Group,CTG
Comstock Resources,CRK
ConAgra Foods,CAG
Conatus Pharmaceuticals,CNAT
Conatus Pharmaceuticals Inc.,CNAT
"Concert Pharmaceuticals, Inc.",CNCE
Concho,CXO
Connecticut Water,CTWS
ConocoPhillips,COP
Consolidated Communications,CNSL
Consolidated Water Co. Ltd.,CWCO
Constant Contact,CTCT
Constellation Brands,STZ
Constellium,CSTM
Consumer Portfolio Services,CPSS
Continental Building Products,CBPX
Continental Resources,CLR
"ContraVir Pharmaceuticals, Inc.",CTRV
Control4,CTRL
Convergys,CVG
Copart,CPRT
CorVel Corporation,CRVL
Corbus Pharmaceuticals,CRBP
Corcept Therapeutics,CORT
Core Laboratories,CLB
CoreLogic,CLGX
CoreSite,COR
"Corium International, Inc.",CORI
Cornerstone OnDemand,CSOD
Cosan,CZZ
Costco Wholesale,COST
Coty,COTY
Coty Inc.,COTY
Cousins Properties,CUZ
Covance,CVD
Covanta,CVA
Covisint,COVS
"Cowen Group, Inc.",COWN
Cowen Inc.,COWN
Cracker Barrel,CBRL
Craft Brew Alliance,BREW
Cray Inc.,CRAY
Credit Acceptance,CACC
Credit Suisse,CS
Cree,CREE
Crescent Point Energy,CPG
Criteo,CRTO
Crocs,CROX
"Crocs, Inc",CROX
Cross Country Healthcare,CCRN
"Crown Crafts, Inc.",CRWS
"Crown Holdings, Inc.",CCK
"CryoLife, Inc.",CRY
Ctrip.com,CTRP
CubeSmart,CUBE
Cubic Corporation,CUB
Cumberland Pharmaceuticals,CPIX
Cummins Inc.,CMI
Curis,CRIS
Curtiss-Wright Corporation,CW
"Cutera, Inc.",CUTR
"Cyan, Inc.",CYNI
CyberOptics,CYBE
Cypress Energy Partners,CELP
Cyren,CYRN
CyrusOne,CONE
CytRx Corporation,CYTR
Cytokinetics,CYTK
Cytori,CYTX
DAQO New Energy,DQ
DCT Industrial,DCT
DDR Corp.,DDR
DICK'S Sporting Goods,DKS
DIRECTV,DTV
DR Horton,DHI
DSP Group,DSPG
DSW,DSW
DTE Energy,DTE
DURECT Corporation,DRRX
"DXP Enterprises, Inc.",DXPE
Daegis,DAEG
Daily Journal Corp,DJCO
Daktronics,DAKT
Dara Biosciences,DARA
Darden,DRI
Darling Ingredients Inc.,DAR
Data I/O,DAIO
Datawatch Corporation,DWCH
Dawson Geophysical,DWSN
Dean Foods,DF
Del Frisco's Restaurant Group,DFRG
"Delek US Holdings, Inc.",DK
Delphi,DLPH
Delta Air Lines,DAL
Demandware,DWRE
"Demandware, a Salesforce company",DWRE
Denbury Resources Inc.,DNR
Denny's,DENN
"Depomed, Inc.",DEPO
"Dermira, Inc.",DERM
"Destination XL Group, Inc.",DXLG
Deutsche Bank,DB
Devon Energy,DVN
Dexcom,DXCM
Diageo,DEO
Diamond Offshore,DO
DiamondRock Hospitality,DRH
Diana Containerships Inc.,DCIX
Diana Shipping Inc.,DSX
Dice,DHX
"Dicerna Pharmaceuticals, Inc.",DRNA
Digi International,DGII
Digimarc,DMRC
Digirad,DRAD
Digital Ally Inc.,DGLY
Digital Realty,DLR
Digital River,DRIV
Dillard's Inc.,DDS
DineEquity,DIN
Diodes Incorporated,DIOD
Diplomat,DPLO
Discover Financial Services,DFS
Discovery Communications,DISCA
Dish Network,DISH
Dolby Laboratories,DLB
Dollar General,DG
Dominion,D
Domtar,UFS
Donaldson,DCI
"Donaldson Company, INC",DCI
"Donaldson Company, Inc",DCI
"Dorchester Minerals, L.P.",DMLP
Dorman Products,DORM
"Douglas Dynamics, Inc.",PLOW
Douglas Emmett,DEI
Dover Corporation,DOV
Dover Motorsports Inc.,DVD
Dr. Reddy's Laboratories,RDY
Dril-Quip,DRQ
Duke Energy Corporation,DUK
Duke Realty Corporation,DRE
Dun & Bradstreet,DNB
Dunkin' Brands,DNKN
Dyax,DYAX
"Dycom Industries, Inc",DY
Dynasil Corporation of America,DYSL
Dynatronics,DYNT
Dynavax Technologies,DVAX
Dynex Capital,DX
E*TRADE,ETFC
E*TRADE Financial Corporation,ETFC
EDAP TMS,EDAP
"EMCOR Group, Inc.",EME
EMCORE Corporation,EMKR
EMPLOYERS,EIG
ENGlobal,ENG
EOG Resources,EOG
EP ENERGY,EPE
EPAM Systems,EPAM
EPR Properties,EPR
EQT Corporation,EQT
ESCO Technologies,ESE
ESS,ESS
EVINE Live Inc.,EVLV
EXL,EXL
EXPRESS,EXPR
EZCORP,EZPW
Eagle Bulk Shipping Inc.,EGLE
Eagle Materials,EXP
"Eagle Pharmaceuticals, Inc.",EGRX
EarthLink,ELNK
Eaton,ETN
Eaton Vance,EV
Ebix,EBIX
Echelon,ELON
Echo Global Logistics,ECHO
Eclipse Resources,ECR
Ecolab,ECL
Ecopetrol,EC
Edison International,EIX
Edwards Lifesciences,EW
Egalet Corporation,EGLT
"El Pollo Loco, Inc.",LOCO
Elecsys Corporation,ESYS
"Electro Scientific Industries, Inc.",ESIO
"Electro-Sensors, Inc.",ELSE
Eli Lilly and Company,LLY
Ellie Mae,ELLI
Elmira Savings Bank,ESBK
Embraer,ERJ
Emergent BioSolutions,EBS
Emerson,EMR
Emmis Communications,EMMS
Empire State Realty Trust,ESRT
EnLink Midstream,ENLC
EnPro Industries Inc.,NPO
Enable Midstream Partners,ENBL
Enanta Pharmaceuticals,ENTA
Enbridge,ENB
"Enbridge Energy Partners, LP (EEP: NYSE)",EEP
"Enbridge Energy Partners, LP ⟨EEP: NYSE⟩",EEP
Encana Corporation,ECA
Encore Capital Group,ECPG
Encore Wire Corp,WIRE
Endeavour Silver Corp,EXK
Endocyte,ECYT
"Endologix, Inc.",ELGX
Endurance International Group,EIGI
EnerSys,ENS
Energen,EGN
Energizer Holdings,ENR
Energous Corporation,WATT
Energy Focus Inc.,EFOI
"Energy Recovery, Inc.",ERII
Enerplus,ERF
Eni,ENI
"Ennis, Inc.",EBF
Enova International,ENVA
Enphase Energy,ENPH
Ensco plc,ESV
Enstar Group,ESGR
Entegris,ENTG
Entercom,ETM
Entergy,ETR
Enterprise Products,EPD
Entravision Communications,EVC
"Envestnet, Inc",ENV
Envision Healthcare,EVHC
Envivio,ENVI
Epizyme,EPZM
Equifax,EFX
Equinix,EQIX
"Equity LifeStyle Properties, Inc.",ELS
"Equity One, Inc",EQY
Equity Residential,EQR
Eros International PLC,EROS
"Esperion Therapeutics, Ann Arbor, MI",ESPR
"Esperion Therapeutics, Inc.",ESPR
Essex Property Trust,ESS
Esterline,ESL
Euronet Worldwide,EEFT
Evercore,EVR
Evertec,EVTC
Everyday Health Inc.,EVDY
Evogene,EVGN
Evoke Pharma,EVOK
Evolving Systems,EVOL
Exact Sciences,EXAS
Exelixis,EXEL
Exelon,EXC
"Expedia, Inc.",EXPE
Expeditors,EXPD
Exponent,EXPO
Extended Stay America,STAY
Extra Space Storage,EXR
Extreme Networks,EXTR
F.N.B. Corporation,FNB
F5 Networks,FFIV
FARO Technologies,FARO
FIS,FIS
FLEETCOR,FLT
FLIR Systems,FLIR
FMC Technologies,FTI
FOX Factory,FOXF
FTD Companies,FTD
FTI Consulting,FCN
Facebook,FB
FactSet,FDS
Fairchild,FCS
Family Dollar,FDO
Famous Dave's of America,DAVE
Farmer Brothers,FARM
Fastenal,FAST
Fastenal Company,FAST
FedEx,FDX
Federated Investors,FII
Ferrellgas,FGP
Ferro Corporation,FOE
Fibria,FBR
"FibroGen, Inc.",FGEN
Fibrocell Science,FCSC
Fidelity National Financial,FNF
"Fiesta Restaurant Group, Inc.",FRGI
Financial Engines,FNGN
"FireEye, Inc.",FEYE
First Business,FBIZ
"First Cash Financial Services, Inc.",FCFS
First Foundation Inc.,FFWM
First Industrial Realty Trust,FR
First Majestic Silver Corp.,AG
First Merchants Corporation,FRME
"First National Bank, Ames/Ankeny/Des Moines",FBAK
First Republic Bank,FRC
First Solar,FSLR
FirstEnergy,FE
Fiserv,FISV
Five Below,FIVE
"Five Prime Therapeutics, Inc.",FPRX
Five9,FIVN
Flex,FLEX
Flexion Therapeutics,FLXN
Flexsteel Industries Inc.,FLXS
"Flotek Industries, Inc.",FTK
Fluidigm Corporation,FLDM
Fluor Corporation,FLR
Foot Locker,FL
Forest City,FCE-A
Forestar Group Inc.,FOR
FormFactor Inc.,FORM
Forrester,FORR
Forrester Research,FORR
Fortinet,FTNT
Fortuna Silver Mines,FSM
Fortune Brands Home & Security,FBHS
Forum Energy Technologies,FET
Forward Pharma A/S,FWP
"Fossil Group, Inc.",FOSL
Foundation Medicine,FMI
Frank's International N.V.,FI
Franklin Electric,FELE
Fred's Inc.,FRED
Freeport-McMoRan,FCX
Frequency Electronics,FEIM
Freshpet,FRPT
Frontier Communications,FTR
FuelCell Energy,FCEL
"Full House Resorts, Inc",FLL
Fulton Financial Corporation,FULT
Fuwei Films,FFHL
G-III Apparel Group,GIII
GAIN Capital,GCAP
"GAMCO Investors, Inc.",GBL
GE,GE
GENPACT,G
GGP,GGP
GGP Inc.,GGP
GNC,GNC
GOLD FIELDS,GFI
GSI Technology,GSIT
GSK,GSK
GTT,GTT
"GTx, Inc.",GTXI
GW Pharmaceuticals,GWPH
GW Pharmaceuticals plc,GWPH
Gafisa,GFA
Gaiam,GAIA
Galapagos,GLPG.BR
Galectin Therapeutics,GALT
Galmed Pharmaceuticals Ltd.,GLMD
GameStop,GME
"Gaming and Leisure Properties, Inc.",GLPI
Gartner,IT
GasLog Ltd.,GLOG
Gazit-Globe,GZT
GenCorp,GY
GenMark Diagnostics,GNMK
"GenMark Diagnostics, Inc.",GNMK
"Gencor Industries, Inc.",GENC
General Dynamics,GD
General Growth Properties,GGP
General Mills,GIS
General Motors,GM
Genesco,GCO
Genesee & Wyoming Inc.,GWR
"Genesis Energy, L.P.",GEL
Genie Energy,GNE
Genocea Biosciences,GNCA
Genomic Health,GHDX
Genpact,G
Gentherm,THRM
Genuine Parts Company,GPC
Genworth,GNW
Geospace Technologies,GEOS
Gerdau,GGB
German American,GABC
Geron Corporation,GERN
Getty Realty Corp.,GTY
Gevo,GEVO
Gibraltar Industries,ROCK
Gilat Satellite Networks,GILT
Gildan,GIL
Gilead Sciences,GILD
"Glacier Bancorp, Inc.",GBCI
Global Partners LP,GLP
Global Payments,GPN
Global Payments Inc.,GPN
Globus Medical,GMED
Glu Mobile,GLUU
GoPro,GPRO
Gogo,GOGO
Goldcorp,GG
Good Times Restaurants Inc.,GTIM
Google,GOOG
Google,GOOGL
Graco,GGG
Graham Corporation,GHM
Gramercy Property Trust,GPT
Granite Construction,GVA
Gray Television,GTN
Green Dot Corporation,GDOT
Green Plains Inc.,GPRE
Greenhill & Co.,GHL
"Greif, Inc.",GEF
Group 1 Automotive,GPI
Groupon,GRPN
Grubhub,GRUB
"Guangshen Railway Co., Ltd.",GSH
Guidewire Software,GWRE
"H&E Equipment Services, Inc.",HEES
H&R Block,HRB
HAVERTY FURNITURE,HVT
HCA,HCA
HCP,HCP
HD Supply,HDS
HDFC Bank,HDB
HEICO,HEI
HFF,HF
HMS,HMSY
HP,HP
HSBC,HSBC
Haemonetics,HAE
Halliburton,HAL
Hallmark Financial Services Inc.,HALL
"Halozyme Therapeutics, Inc.",HALO
Hanesbrands Inc.,HBI
Hannon Armstrong,HASI
Harmonic,HLIT
Harmony Gold,HMY
Harris Corporation,HRS
Harvard Bioscience,HBIO
Hasbro,HAS
"Hawaiian Electric Industries, Inc.",HE
Haynes International,HAYN
HealthEquity,HQY
HealthStream,HSTM
Healthcare Realty,HR
"Healthcare Services Group, Inc",HCSG
"Healthcare Trust of America, Inc.",HTA
Heartland Express,HTLD
"Heartland Express, Inc.",HTLD
Heartland Payment Systems,HPY
Heat Biologics,HTBX
Hecla Mining,HL
Heidrick & Struggles,HSII
Helen of Troy,HELE
Helios & Matheson,HMNY
Helix Energy Solutions Group,HLX
Helmerich & Payne,HP
"Hemisphere Media Group, Inc.",HMTV
Henry Schein,HSIC
Herbalife,HLF
Heritage Insurance,HRTG
Herman Miller,MLHR
"Heron Therapeutics, Inc.",HRTX
Hertz,HTZ
Heska Corporation,HSKA
Hess Corporation,HES
Hewlett-Packard,HPQ
Hibbett Sports,HIBB
Highpower International Inc.,HPJ
Highwoods Properties,HIW
"Hill International, Inc.",HIL
Hill-Rom,HRC
Hilltop Holdings,HTH
Hilton,HLT
Hilton Worldwide,HLT
Himax,HIMX
Holly Energy Partners,HEP
HollyFrontier Corporation,HFC
"Hologic, Inc.",HOLX
HomeAway,AWAY
HomeAway.com,AWAY
Honeywell,HON
Horace Mann,HMN
Horizon Pharma plc,HZNP
Horizon Technology Finance,HRZN
Hormel Foods,HRL
Hornbeck Offshore,HOS
Hospira,HSP
Host Hotels & Resorts,HST
Houghton Mifflin Harcourt,HMHC
Houston Wire & Cable Company,HWCC
Hub Group,HUBG
HubSpot,HUBS
Hudson,HSON
Hudson Pacific Properties,HPP
Humana,HUM
"Huntington Ingalls Industries, Inc.",HII
Huntsman,HUN
Huntsman Corporation,HUN
"Hurco Companies, Inc.",HURC
Huron,HURN
Huron Consulting Group,HURN
Huttig Building Products,HBP
Hyatt Hotels Corporation,H
Hydrogenics,HYGS
IAC,IACI
IBERIABANK,IBKC
IBM,IBM
ICF,ICFI
ICF International,ICFI
ICICI Bank,IBN
ICU Medical,ICUI
IDEX Corporation,IEX
IDEXX,IDXX
IDEXX Laboratories,IDXX
IGT,IGT
"IGT, a subsidiary of International Game Technology PLC",IGT
IHS,IHS
II-VI Incorporated,IIVI
IMAX,IMAX
IMS Health,IMS
INAP,INAP
INTL FCStone,INTL
INTL FCStone Inc.,INTL
ION Geophysical,IO
IPG,IPG
IPG Photonics,IPGP
IRET,IRET
ITG,ITG
ITT,ITT
ITT Inc.,ITT
ITW,ITW
Icahn Enterprises,IEP
Iconix Brand Group,ICON
Ideal Power Inc.,IPWR
Identiv,INVE
Idera Pharmaceuticals,IDRA
Illumina,ILMN
"Image Sensing Systems, Inc.",ISNS
Immersion Corporation,IMMR
ImmuCell Corp,ICCC
Immune Design,IMDZ
"ImmunoGen, Inc.",IMGN
Imperva,IMPV
"Imprimis Pharmaceuticals, Inc.",IMMY
Incyte,INCY
Independence Contract Drilling,ICD
Independent Bank,IBCP
"Independent Bank Group, Inc.",IBTX
Infinera,INFN
Infinity Pharmaceuticals,INFI
Information Services Group,III
Infosys,INFY
"Ingles Markets, Inc.",IMKTA
Ingredion Incorporated,INGR
InnerWorkings,INWK
Innodata Inc.,INOD
Innophos,IPHS
Innospec Inc.,IOSP
Innovative Solutions & Support,ISSC
Inogen,INGN
Inovio Pharmaceuticals Inc.,INO
Inphi Corporation,IPHI
Insight,NSIT
"Insignia Systems, Inc.",ISIG
Insmed Incorporated,INSM
Insperity,NSP
Installed Building Products,IBP
"Insteel Industries, Inc",IIIN
Insulet Corporation,PODD
"Insys Therapeutics, Inc.",INSY
Integra LifeSciences,IART
Intel Corporation,INTC
Intelsat,I
"InterDigital, Inc. ",IDCC
Interactive Brokers,IBKR
Intercept Pharmaceuticals,ICPT
Intercontinental Exchange,ICE
Interface,TILE
Intermolecular,IMI
Internap,INAP
Internap Corporation,INAP
International Paper,IP
"Intersect ENT, Inc",XENT
Intersections Inc.,INTX
Interxion,INXN
Intevac,IVAC
Intra-Cellular Therapies,ITCI
Intrepid Potash,IPI
Intrexon Corporation,XON
IntriCon Corp,IIN
Intuit,INTU
Intuitive Surgical,ISRG
Invacare Corporation,IVC
Invesco Ltd.,IVZ
Iradimed Corporation,IRMD
Iridex,IRIX
Iridium,IRDM
Iron Mountain,IRM
Ironwood Pharmaceuticals,IRWD
Isis Pharmaceuticals,ISIS
Itron,ITRI
"Itron, Inc.",ITRI
J&J Snack Foods Corp,JJSF
JD.COM,JD
JLL,JLL
JMP Group LLC,JMP
JPMorgan Chase & Co.,JPM
Jabil,JBL
Jack Henry & Associates,JKHY
Jack in the Box,JACK
Jacobs,JEC
Jakks Pacific,JAKK
Jazz Pharmaceuticals,JAZZ
JetBlue Airways,JBLU
Johnson & Johnson,JNJ
Johnson Controls,JCI
Johnson Outdoors,JOUT
"Jones Energy, Inc.",JONE
Jumei.com,JMEI
Juniper Networks,JNPR
Just Energy,JE
K12,LRN
K2M,KTWO
"KAR Auction Services, Inc",KAR
KB Home,KBH
"KBR, Inc.",KBR
"KCAP Financial, Inc.",KCAP
"KCG Holdings, Inc.",KCG
KKR,KKR
KLA-Tencor,KLAC
KMG,KMG
KT,KT
"KVH Industries, Inc.",KVHI
Kadant,KAI
Kadant Inc.,KAI
Kaiser Aluminum,KALU
Karyopharm Therapeutics Inc.,KPTI
Kellogg Company,K
Kelly Services,KELYA
Kemper,KMPR
Kennametal,KMT
Keryx Biopharmaceuticals,KERX
Kewaunee Scientific Corp.,KEQU
Key Energy Services,KEG
KeyCorp,KEY
Kimball International,KBAL
Kimberly-Clark,KMB
Kimco Realty Corporation,KIM
Kinder Morgan,KMI
"Kinder Morgan, Inc. ",KMI
King,KING
"Kingstone Companies, Inc.",KINS
Kingsway Financial Services Inc.,KFS
Kinross Gold Corporation,KGC
Kirby,KEX
Kirkland's,KIRK
Kite Realty Group,KRG
Knight Transportation,KNX
Knoll,KNL
Knowles Corporation,KN
Kohl's,KSS
Kona Grill,KONA
Kopin Corporation,KOPN
Koppers Inc.,KOP
Kosmos Energy,KOS
Koss Corporation,KOSS
L Brands,LB
L-3,LLL
LB Foster,FSTR
LG Display,LPL
LGI Homes,LGIH
LHC Group,LHCG
"LOXO Oncology, Inc.",LOXO
LPL Financial,LPLA
LRAD Corporation,LRAD
"LSB Industries, Inc.",LXU
LSI Industries Inc.,LYTS
La-Z-Boy,LZB
La-Z-Boy Incorporated,LZB
"La-Z-Boy, Inc.",LZB
LaSalle Hotel Properties,LHO
Ladder Capital Corp,LADR
Lam Research,LRCX
Lancaster Colony Corporation,LANC
Landstar,LSTR
Lannett Company,LCI
Lantronix,LTRX
"Laredo Petroleum, Inc.",LPI
Las Vegas Sands Corp.,LVS
Lattice Semiconductor,LSCC
Lawson Products,LAWS
LeMaitre Vascular,LMAT
Lee Enterprises,LEE
Legg Mason,LM
Leggett & Platt,LEG
Leidos,LDOS
LendingTree,TREE
Lennar,LEN
Lennox International,LII
"Lexicon Pharmaceuticals, Inc.",LXRX
Lexington Realty Trust,LXP
Liberty Property Trust,LPT
Liberty Tax,TAX
LifeLock,LOCK
LifeVantage Corporation,LFVN
Lifetime Brands,LCUT
"Lifeway Foods, Inc.",LWAY
Ligand Pharmaceuticals,LGND
LightInTheBox,LITB
LightPath Technologies,LPTH
Limelight Networks,LLNW
Limoneira Company,LMNR
Lincoln Electric,LECO
Lindsay Corporation,LNN
LinkedIn,LNKD
Lipocine Inc.,LPCN
Liquidity Services,LQDT
"Lithia Motors, Inc.",LAD
Littelfuse,LFUS
Live Nation,LYV
Live Nation Entertainment,LYV
Lloyds Banking Group,LYG
Lockheed Martin,LMT
LogMeIn,LOGM
"Lowe's Companies, Inc.",LOW
"Loxo Oncology, Inc.",LOXO
Luby's Inc.,LUB
Lumber Liquidators,LL
Luminex Corporation,LMNX
Luna Innovations Incorporated,LUNA
Luxoft,LXFT
Lydall,LDL
LyondellBasell,LYB
M&T Bank,MTB
"M/I Homes, Inc.",MHO
MAA,MAA
MAM Software,MAMS
MAXIMUS,MMS
MBIA,MBI
"MDU Resources Group, Inc.",MDU
MEDNAX,MD
"MEDNAX, Health Solutions Partner",MD
MEI Pharma,MEIP
MFA Financial,MFA
MGIC,MGIC
MGM Resorts International,MGM
MGP Ingredients,MGPI
"MISTRAS Group, Inc.",MG
MKS Instruments,MKSI
MRC Global,MRC
MSCI Inc.,MSCI
MTBC,MTBC
MTS Systems Corporation,MTSC
MYR Group,MYRG
Macatawa Bank,MCBC
Mackinac Financial Corporation,MFNC
"MacroGenics, Inc.",MGNX
Macrocure,MCUR
Macy's,M
Magellan Health,MGLN
Magellan Midstream Partners,MMP
Magellan Petroleum,MPET
Magna International,MGA
MagnaChip Semiconductor,MX
Magnegas Corporation,MNGA
Majesco Entertainment,COOL
MakeMyTrip.com,MMYT
ManTech,MANT
Manchester United,MANU
Manhattan Associates,MANH
Manitex International,MNTX
Manning & Napier,MN
ManpowerGroup,MAN
Manulife,MFC
Marathon Oil Corporation,MRO
Marathon Petroleum Corporation,MPC
Marchex,MCHX
Marcus & Millichap,MMI
Marin Software,MRIN
MarineMax,HZO
Marinus Pharmaceuticals,MRNS
"MarkWest Energy Partners, L.P.",MWE
Markel,MKL
MarketAxess,MKTX
Markit,MRKT
Marriott International,MAR
Marrone Bio Innovations,MBII
Marsh & McLennan Companies,MMC
Marten Transport,MRTN
Martin Marietta,MLM
MasTec,MTZ
Masco Corporation,MAS
Masimo,MASI
Masonite International,DOOR
MasterCard,MA
Mastercard,MA
Matador Resources Company,MTDR
Materialise,MTLS
Matrix Service,MTRX
Matrix Service Company,MTRX
"Matson, Inc.",MATX
"Mattel, Inc.",MAT
Mattersight Corporation,MATR
Matthews International,MATW
MaxLinear,MXL
Maxim Inc. (MAXIM magazine),MXIM
Maxim Integrated,MXIM
Maxwell Technologies,MXWL
McCormick & Company,MKC
McDermott International Inc.,MDR
McDonald's,MCD
McGrath RentCorp,MGRC
McGraw Hill Financial,MHFI
McKesson,MCK
Mechel,MTL
MediWound,MDWD
Medical Properties Trust,MPW
"MediciNova, Inc.",MNOV
Medidata Solutions,MDSO
"Medifast, Inc",MED
Medtronic,MDT
MeetMe,MEET
Mellanox Technologies,MLNX
Mercadolibre.com,MELI
Mercer,MERC
Mercer International,MERC
Merck,MRK
Mercury Systems,MRCY
Meredith Corporation,MDP
"Merge Healthcare, an IBM Company",MRGE
Meridian Bioscience Inc.,VIVO
"Merit Medical Systems, Inc.",MMSI
Meritage Homes,MTH
Meritor,MTOR
Merrimack,MACK
"Mesa Laboratories, Inc.",MLAB
MetLife,MET
"Mettler-Toledo International, Inc",MTD
MiMedx,MDXG
MiX Telematics,MIXT
Michael Kors,KORS
MicroStrategy,MSTR
MicroVision Inc.,MVIS
Microchip Technology,MCHP
Microchip Technology Inc.,MCHP
Micron Technology,MU
Microsoft,MSFT
"Mid-Con Energy Partners, LP",MCEP
Millennial Media,MM
Miller Industries,MLR
Minerals Technologies Inc.,MTX
Mirati Therapeutics,MRTX
Misonix,MSON
Mitek Systems,MITK
Mitel,MITL
"MoSys, Inc.",MOSY
MobileIron,MOBL
Model N,MODN
Modine Manufacturing Company,MOD
Moelis & Company,MC
Mohawk Industries,MHK
Molina Healthcare,MOH
Molson Coors,TAP
Momenta Pharmaceuticals,MNTA
"Monolithic Power Systems, Inc.",MPWR
Monotype,TYPE
Monro Muffler Brake,MNRO
"Monro, Inc",MNRO
Moody's Corporation,MCO
Morgan Stanley,MS
Morningstar,MORN
Motorcar Parts of America,MPAA
Motorola Solutions,MSI
"Movado Group, Inc",MOV
"Mueller Industries, Inc.",MLI
Mueller Water Products,MWA
Murphy Oil,MUR
Murphy USA,MUSA
Myers Industries,MYE
Mylan,MYL
Myriad Genetics,MYGN
NAPCO Security Technologies,NSSC
"NCI Building Systems, Inc.",NCS
NCR Corporation,NCR
NETGEAR,NTGR
NETSCOUT,NTCT
NETSOL Technologies Inc.,NTWK
NIC Inc.,EGOV
"NN, Inc.",NNBR
NOAH HOLDINGS,NOAH
NRG Energy,NRG
NSP,NSP
NV5,NVEE
NVIDIA,NVDA
"NVR, Inc.",NVR
NXP Semiconductors,NXPI
Nabors Industries,NBR
"NanoString Technologies, Inc.",NSTG
Nanometrics,NANO
Nanosphere,NSPH
"Nathan's Famous, Inc.",NATH
National American University,NAUH
National Beverage Corp,FIZZ
National Fuel Gas Company,NFG
National Grid,NGG
National Health Investors,NHI
National Instruments,NATI
National Oilwell Varco,NOV
National Presto Industries,NPK
"National Retail Properties, Inc.",NNN
National Western Life,NWLI
Nationstar Mortgage,NSM
Natuzzi,NTZ
Nautilus Inc.,NLS
Navient,NAVI
Navigant,NCI
Neenah,NP
Nektar Therapeutics,NKTR
Nelnet,NNI
NeoPhotonics,NPTN
Neonode,NEON
Net Element,NETE
NetApp,NTAP
NetEase,NTES
Netflix,NFLX
Netlist,NLST
"Neuralstem, Inc.",CUR
"NeuroMetrix, Inc.",NURO
Neurocrine Biosciences,NBIX
Nevro,NVRO
New Jersey Resources,NJR
New York & Company,NWY
NewLink Genetics,NLNK
NewMarket Corporation,NEU
Newfield Exploration,NFX
Newmont Mining Corporation,NEM
Newpark,NR
"NextEra Energy, Inc.",NEE
NiSource,NI
Nicholas Financial Inc.,NICK
Nielsen,NLSN
Nike,NKE
"Nike, Inc.",NKE
Noble Energy,NBL
Nokia,NOK
Nomura,NMR
Noodles & Company,NDLS
Norcraft Companies,NCFT
Nordson Corporation,NDSN
Nordstrom,JWN
Norfolk Southern Corporation,NSC
"Nortech Systems, Inc.",NSYS
Northern Trust Corporation,NTRS
Northrop Grumman,NOC
Northrop Grumman Corporation,NOC
Nova Measuring Instruments,NVMI
Novartis,NVS
Novo Nordisk,NVO
Nu Skin Enterprises,NUS
NuStar Energy L.P.,NS
NuVasive,NUVA
Nuance Communications,NUAN
Nucor Corporation,NUE
"Nutrisystem, Inc.",NTRI
"NxStage Medical, Inc.",NXTM
O2Micro,OIIM
OCLARO,OCLR
OGE Energy Corp,OGE
OMNOVA Solutions,OMN
ON Semiconductor,ONNN
ONEOK,OKE
"OPKO Health, Inc.",OPK
ORBCOMM,ORBC
OSI Systems,OSIS
OTELCO,OTEL
OUTFRONT Media,OUT
Oasis Petroleum,OAS
Ocean Power Technologies,OPTT
Ocean Rig,ORIG
Oceaneering,OII
Och-Ziff Capital Management,OZM
Oculus Innovative Sciences,OCLS
Odyssey Marine Exploration,OMEX
Office Depot,ODP
Oil States International,OIS
Old Dominion Freight Line,ODFL
Olin,OLN
Olympic Steel,ZEUS
Omega Healthcare Investors,OHI
OmegaFlex,OFLX
Omeros Corporation,OMER
"Omnicare, a CVS Health company",OCR
Omnicell,OMCL
Omnicom,OMC
On Assignment,ASGN
OncoMed Pharmaceuticals,OMED
OncoSec,ONCS
Onconova Therapeutics,ONTX
"One Liberty Properties, Inc.",OLP
Ophthotech,OPHT
Opower,OPWR
OptimumBank,OPHC
OraSure Technologies,OSUR
Oracle,ORCL
Oramed Pharmaceuticals Inc.,ORMP
Orange,ORAN
Orbitz Worldwide,OWW
Orbotech,ORBK
"Organovo Holdings, Inc.",ONVO
Orion Marine Group,ORN
"Ormat Technologies, Inc.",ORA
Orthofix,OFIX
Oshkosh Corporation,OSK
Otter Tail Corporation,OTTR
OvaScience,OVAS
Overstock.com,OSTK
Owens & Minor,OMI
Owens Corning,OC
Oxford Immunotec,OXFD
Oxford Industries,OXM
Oxy,OXY
PACCAR,PCAR
PCM,PCMI
PCTEL,PCTI
"PDC Energy, Inc.",PDCE
PDF Solutions,PDFS
PDL BioPharma,PDLI
PFSweb,PFSW
"PICO Holdings, Inc.",PICO
PNC,PNC
PNM Resources,PNM
POSCO,PKX
PPG Industries,PPG
PPL Corporation,PPL
PRA Health Sciences,PRAH
PRGX,PRGX
PRGX Global Inc.,PRGX
PROS,PRO
"PS Business Parks, Inc.",PSB
PTC,PTC
"PTC Therapeutics, Inc.",PTCT
PVH Corp.,PVH
Pacific Biosciences,PACB
"Pacific Ethanol, Inc.",PEIX
"Pacira Pharmaceuticals, Inc.",PCRX
"Pain Therapeutics, Inc.",PTIE
Palo Alto Networks,PANW
Pandora,P
Papa John's International,PZZA
Paratek Pharmaceuticals,PRTK
Park Electrochemical Corp,PKE
ParkerVision,PRKR
"Patrick Industries, Inc.",PATK
Pattern Energy Group,PEGI
"Patterson Companies, Inc.",PDCO
Patterson-UTI,PTEN
Paychex,PAYX
Paycom,PAYC
Paylocity,PCTY
"Peak Resorts, Inc.",SKIS
Pearson,PSO
Pegasystems,PEGA
Pembina Pipeline Corporation,PBA
Penske Automotive Group,PAG
Pentair,PNR
Peoples Bank,PBCO
Pep Boys,PBY
PepsiCo,PEP
Perceptron,PRCP
Perficient,PRFT
Perion Network,PERI
"PerkinElmer, Inc.",PKI
Pernix Therapeutics,PTX
Perry Ellis International,PERY
PetroChina,PTR
Petrobras,PZE
Pfizer,PFE
"Pharmacyclics, an AbbVie Company",PCYC
Phibro Animal Health,PAHC
Philip Morris International,PM
Phillips 66,PSX
Photronics,PLAB
Physicians Realty Trust,DOC
Piedmont Office Realty Trust,PDM
Pier 1 Imports,PIR
Pieris Pharmaceuticals,PIRS
Pilgrim's,PPC
Pinnacle Entertainment,PNK
Pinnacle Financial Partners,PNFP
Pinnacle Foods,PF
Pioneer Energy Services,PES
Piper Jaffray,PJC
Pitney Bowes,PBI
Pixelworks,PXLW
Pizza Inn,PZZI
Plains All American,PAA
Plantronics,PLT
Plexus Corp.,PLXS
Plug Power,PLUG
Pluristem Therapeutics,PSTI
Pointer Telocation Ltd.,PNTR
Polaris Industries,PII
PolyOne,POL
Portland General Electric,POR
Portola Pharmaceuticals,PTLA
Post Holdings,POST
Post Properties,PPS
Powell,POWL
Powell Industries,POWL
Power Integrations,POWI
"PowerSecure, Inc.",POWR
Praxair,PX
"Praxair, Inc",PX
Precision Drilling,PDS
Preferred Bank,PFBC
Preformed Line Products,PLPC
Premier Inc.,PINC
Premier Valley Bank,PVLY
"Prestige Brands, Inc.",PBH
PriceSmart,PSMT
Primerica,PRI
Primo Water Corporation,PRMW
Primoris Services Corporation,PRIM
Principal Financial Group,PFG
"Pro-Dex, Inc.",PDEX
ProPhase Labs,PRPH
Professional Diversity Network,IPDN
Profire Energy,PFIE
"Progenics Pharmaceuticals, Inc.",PGNX
Progress,PRGS
Progressive Waste Solutions,BIN
Prologis,PLD
Proofpoint,PFPT
Proteon Therapeutics,PRTO
Prothena Corporation plc,PRTA
Proto Labs,PRLB
Prudential Financial,PRU
Public Storage,PSA
PulteGroup,PHM
"Puma Biotechnology, Inc.",PBYI
Pure Cycle Corporation,PCYO
Pzena Investment Management,PZN
QAD,QADA
QEP Resources,QEP
QIAGEN,QGEN
Qiwi,QIWI
"Qorvo, Inc.",QRVO
Quad/Graphics,QUAD
Quaker Chemical Corporation,KWR
Qualcomm,QCOM
"Quality Systems, Inc",QSII
Qualys,QLYS
"Quanta Services, Inc.",PWR
Quantum,QMCO
Quest Diagnostics,DGX
QuickLogic,QUIK
QuickLogic Corporation,QUIK
Quidel,QDEL
QuinStreet,QNST
Qumu Corporation,QUMU
RADCOM,RDCM
"RAVE Restaurant Group, Inc.",RAVE
RBC,RBC
RBC Bearings,ROLL
RCM Technologies,RCMT
RE/MAX,RMAX
"RF Industries, Inc.",RFIL
RGP,RGP
RITE AID,RAD
"RLJ Entertainment, Inc.",RLJE
RLJ Lodging Trust,RLJ
RMG Networks,RMGN
"RPC, Inc.",RES
RPM International Inc.,RPM
"RSP Permian, Inc.",RSPP
RadNet,RDNT
Radian,RDN
Radisys Corporation,RSYS
Radware,RDWR
Ralph Lauren,RL
Rambus,RMBS
Range Resources,RRC
Raven Industries,RAVN
Raymond James,RJF
"Raymond James Financial, Inc.",RJF
Rayonier,RYN
Rayonier Advanced Materials,RYAM
Raytheon,RTN
"ReWalk Robotics, Inc.",RWLK
"RealPage, Inc.",RP
Realogy Holdings Corp.,RLGY
Realty Income Corporation,O
"Recro Pharma, Inc.",REPH
Red Hat,RHT
Red Robin,RRGB
"Redwood Trust, Inc.",RWT
Regal Beloit Corporation,RBC
Regency Centers,REG
"Regeneron Pharmaceuticals, Inc.",REGN
Regulus Therapeutics,RGLS
"Reinsurance Group of America, Incorporated",RGA
Reliance Steel & Aluminum Co.,RS
Reliv International,RELV
Remy International,REMY
ReneSola Ltd.,SOL
"Renewable Energy Group, Inc.",REGI
Rent-A-Center,RCII
Repligen Corporation,RGEN
Republic Services,RSG
ResMed,RMD
Research Frontiers Inc.,REFR
Resolute Forest Products,RFP
Resonant Inc.,RESN
Restoration Hardware,RH
"Retail Properties of America, Inc. (RPAI)",RPAI
Retrophin,RTRX
"Revance Therapeutics, Inc.",RVNC
Revlon,REV
Revlon Inc.,REV
Rexford Industrial,REXR
Rexnord,RXN
RiceBran Technologies,RIBT
"Richardson Electronics, Ltd.",RELL
RigNet,RNET
Rigel Pharmaceuticals Inc.,RIGL
RingCentral,RNG
Ritchie Bros.,RBA
Ritchie Bros. Auctioneers,RBA
Robert Half,RHI
Roberts,RPI
Rockwell Automation,ROK
Rockwell Collins,COL
"Rockwell Medical, Inc.",RMTI
"Rocky Brands, Inc.",RCKY
Rogers Communications,RCI
"Rollins, Inc.",ROL
Rosetta Resources,ROSE
Rosetta Stone,RST
"Ross Stores, Inc.",ROST
Rowan Companies,RDC
Royal Caribbean Cruises Ltd.,RCL
Royal Gold Inc.,RGLD
Rubicon Technology,RBCN
Rudolph Technologies,RTEC
"Rush Enterprises, Inc",RUSHB
"Ruth's Hospitality Group, INC",RUTH
"Ryder System, Inc.",R
Ryman Hospitality Properties,RHP
SAExploration,SAEX
SAGE Therapeutics,SAGE
SAP,SAP
SBA Communications,SBAC
"SCYNEXIS, Inc.",SCYX
SEACOR Holdings Inc.,CKH
SEI,SEIC
SK Telecom,SKM
SL Green Realty Corp.,SLG
SM Energy Company,SM
SMTC Corporation,SMTX
"SMTP, Inc.",SMTP
SPAR Group,SGRP
SPS Commerce,SPSC
SQM,SQM
SS&C Technologies,SSNC
STAAR Surgical,STAA
"STAG Industrial, Inc.",STAG
STARTEK,SRT
STMicroelectronics,STM
SUPERVALU,SVU
SVB Financial Group,SIVB
SYNNEX,SNX
"Sabra Health Care REIT, Inc.",SBRA
Sabre Corporation,SABR
Safeguard Scientifics,SFE
Safety Insurance,SAFT
Sage Therapeutics,SAGE
Saia Inc.,SAIA
Salesforce,CRM
Sally Beauty,SBH
Sanchez Energy Corporation,SN
SandRidge Energy,SD
Sanderson Farms,SAFM
Sanmina,SANM
Sanofi,SNY
Santander Consumer USA,SC
Saratoga Investment Corp.,SAR
Sarepta Therapeutics,SRPT
Sasol,SSL
"Saul Centers, Inc.",BFS
ScanSource,SCSC
Schlumberger,SLB
"Schmitt Industries, Inc.",SMIT
Scholastic,SCHL
Scientific Games,SGMS
SeaChange International,SEAC
Seagate Technology,STX
Sealed Air Corporation,SEE
Sears Holdings Corporation,SHLD
"Sears, Roebuck and Co.",SHLDQ
Seaspan Corporation,SSW
Seattle Genetics,SGEN
Second Sight Medical Products,EYES
Select Medical,SEM
Selective Insurance,SIGI
SemGroup Corporation,SEMG
SemiLEDs,LEDS
Sempra Energy,SRE
Semtech,SMTC
"Senomyx, Inc.",SNMX
Sensata Technologies,ST
Sequans Communications,SQNS
Sequential Brands Group,SQBG
ServiceMaster,SERV
ServiceNow,NOW
ServiceSource,SREV
"Sharps Compliance, Inc.",SMED
Shaw Communications,SJR
Shiloh Industries,SHLO
"Shoe Carnival, Inc.",SCVL
"Shore Bancshares, Inc.",SHBI
"Shutterfly, Inc.",SFLY
Shutterstock,SSTK
Sibanye,SBGL
Sierra Bancorp,BSRR
Sigma Designs,SIGM
Sigmatron International,SGMA
Signet,SIG
Silgan Holdings Inc.,SLGN
Simon Property Group,SPG
"Simulations Plus, Inc.",SLP
Sinclair Broadcast Group,SBGI
Sirius XM,SIRI
Six Flags,SIX
Skechers,SKX
"Skyworks Solutions, Inc.",SWKS
Smart & Final,SFS
SmartPros Ltd.,SPRO
Smith & Nephew,SNN
Smith & Wesson,SWHC
"Smith Micro Software, Inc.",SMSI
"SodaStream International, Ltd.",SODA
Sohu.com,SOHU
SolarCity,SCTY
Sonic Automotive,SAH
Sonic Foundry Inc.,SOFO
Sonoco,SON
Sony,SNE
"Sorrento Therapeutics, Inc.",SRNE
Sotheby's,BID
Sotherly Hotels Inc.,SOHO
South Jersey Industries,SJI
"Southcross Energy Partners, L.P.",SXE
Southern Company,SO
Southwest Airlines,LUV
Southwest Gas Corporation,SWX
Southwestern Energy,SWN
Sovran Self Storage,SSS
Spark Energy,SPKE
"Spartan Motors, Inc.",SPAR
SpartanNash,SPTN
Spectrum Pharmaceuticals,SPPI
"Spectrum Pharmaceuticals, Inc.",SPPI
"Speedway Motorsports, Inc. (SMI)",TRK
Spherix Incorporated,SPEX
Spirit AeroSystems,SPR
Spirit Airlines,SAVE
Spirit Realty Capital,SRC
"Spirit Realty Capital, Inc (NYSE: SRC)",SRC
Splunk,SPLK
Spok,SPOK
Sportsman's Warehouse,SPWH
Sprint,S
Sprouts Farmers Market,SFM
Square,SQBK
Stage Stores,SSI
Stamps.com,STMP
Standard Motor Products,SMP
Standex International,SXI
"Stanley Black & Decker, Inc.",SWK
Star Bulk,SBLK
"Star Gas Partners, L.P.",SGU
Starbucks,SBUX
Starwood Property Trust,STWD
State Street,STT
"Steel Dynamics, Inc",STLD
Steel Partners Holdings,SPLP
Steelcase,SCS
Stein Mart,SMRT
"Stemline Therapeutics, Inc.",STML
Stepan Company,SCL
Stericycle,SRCL
Stifel Financial Corp.,SF
"StoneMor Partners, L.P.",STON
Stoneridge,SRI
"Stoneridge, Inc., Electronics & Control Devices",SRI
Stratasys,SSYS
Strattec Security Corporation,STRT
Streamline Health,STRM
Stryker,SYK
Suburban Propane,SPH
Summer Infant,SUMR
"Summer Infant, Inc.",SUMR
"Summit Financial Group, Moorefield, WV",SMMF
"Summit Hotel Properties, Inc.",INN
"Summit Midstream Partners, LP",SMLP
Sun Hydraulics,SNHY
SunCoke Energy,SXC
SunPower Corporation,SPWR
SunTrust,STI
Suncor Energy,SU
"Sunesis Pharmaceuticals, Inc.",SNSS
Sunoco,SXL
Sunstone Hotel Investors Inc.,SHO
"Sunstone Hotel Investors, Inc.",SHO
SuperCom,SPCB
Superconductor Technologies,SCON
Superior Energy Services,SPN
Superior Industries,SUP
Superior Uniform Group,SGC
"Supernus Pharmaceuticals, Inc.",SUPN
Support.com,SPRT
Surmodics,SRDX
"Sykes Enterprises, Incorporated",SYKE
Symantec,SYMC
Synacor,SYNC
Synaptics,SYNA
Synchrony,SYF
Synchrony Financial,SYF
Synergy Pharmaceuticals Inc.,SGYP
Synergy Pharmaceuticals Inc. (NASDAQ: SGYP),SGYP
Synovus,SNV
Syntel,SYNT
Sysco,SYY
Systemax,SYX
T-Mobile,TMUS
T. Rowe Price,TROW
TAL International,TAL
TD,TD
TD Ameritrade,AMTD
TE Connectivity,TEL
TELUS,TU
"TESARO, Inc.",TSRO
TESSCO Technologies,TESS
"TETRA Technologies, Inc.",TTI
"TG Therapeutics, Inc.",TGTX
TGS,TGS
"THOR Industries, Inc.",THO
TOTAL,TOT
TRI Pointe Homes,TPH
TSYS,TSYS
TTEC,TTEC
TTM Technologies,TTMI
Tableau Software,DATA
"Taitron Components, Inc",TAIT
"Take-Two Interactive Software, Inc.",TTWO
Tandem Diabetes Care,TNDM
Tandy Leather,TLF
"Tanger Factory Outlet Centers, Inc.",SKT
Targa Resources,TRGP
Target,TGT
Tata Motors,TTM
Taylor Devices,TAYD
Taylor Morrison,TMHC
Tech Data,TECD
TechTarget,TTGT
Teekay,TK
Teekay Corporation,TK
TeleTech,TTEC
Teleflex Incorporated,TFX
Telenav,TNAV
Tempur Sealy International,TPX
Tenaris,TS
Tenet Healthcare,THC
Tennant Company,TNC
Tenneco,TEN
Teradata,TDC
Teradyne,TER
Terex Corporation,TEX
Ternium,TX
Tesla,TSLA
Tesla Motors,TSLA
Tessco Technologies,TESS
Tessera,TSRA
Tetra Tech,TTEK
Tetraphase Pharmaceuticals,TTPH
Texas Instruments,TXN
Texas Roadhouse,TXRH
Textainer,TGH
Textron,TXT
Textura Corporation,TXTR
The AES Corporation,AES
"The Andersons, Inc.",ANDE
The Bancorp,TBBK
The Blackstone Group,BX
"The Buckle, Inc.",BKE
The Carlyle Group,CG
The Cheesecake Factory,CAKE
The Children's Place,PLCE
The Clorox Company,CLX
The Coca-Cola Company,KO
The Container Store,TCS
The Cooper Companies,COO
The Dixie Group,DXYN
The Dow Chemical Company,DOW
The Estée Lauder Companies Inc.,EL
"The GEO Group, Inc.",GEO
The Greenbrier Companies,GBX
The Hackett Group,HCKT
The Hain Celestial Group,HAIN
The Hanover Insurance Group,THG
The Hartford,HIG
The Hershey Company,HSY
The Home Depot,HD
The Howard Hughes Corporation,HHC
The Manitowoc Company,MTW
The Medicines Company,MDCO
"The Michaels Companies, Inc.",MIK
The Mosaic Company,MOS
The New Home Company Inc.,NWHM
The New York Times,NYT
The Scotts Miracle-Gro Company,SMG
The St. Joe Company,JOE
"The TJX Companies, Inc.",TJX
The Timken Company,TKR
The Toro Company,TTC
The Walt Disney Company,DIS
The Wendy's Company,WEN
The York Water Company,YORW
TheStreet,TST
Theravance,THRX
"Theravance Biopharma US, Inc.",TBPH
Thermo Fisher Scientific,TMO
"Thermon, Inc.",THR
Thomson Reuters,TRI
TiVo,TIVO
Tiffany & Co.,TIF
Timberland,TSBK
"Titan International, Inc.",TWI
Titan Machinery,TITN
Titan Pharmaceuticals,TTNP
Toll Brothers,TOL
Tonix Pharmaceuticals,TNXP
Top Image Systems,TISA
Torchmark Corporation,TMK
Total,TOT
Tower International,TOWR
Tower Semiconductor LTD,TSEM
Town Sports International,CLUB
Townsquare Media,TSQ
Toyota Motor Corporation,TM
Tractor Supply Company,TSCO
Trans World Entertainment,TWMC
TransAlta,TAC
TransCanada,TRP
TransDigm Group Inc.,TDG
Transcat,TRNS
Transgenomic,TBIO
Transocean,TRGP
TravelCenters of America,TA
Travelport,TVPT
Travelzoo,TZOO
TreeHouse Foods,THS
Tremor Video,TRMR
"Trevena, Inc.",TRVN
TriMas Corporation,TRS
TriNet,TNET
Triangle Capital Corporation,TCAP
Tribune Media,TRCO
Trimble,TRMB
Trimble Inc.,TRMB
Trinity Biotech,TRIB
"Trinity Industries, Inc.",TRN
TripAdvisor,TRIP
Triple-S,GTS
Triumph Group,TGI
Tronox,TROX
Trovagene,TROV
TrueBlue Inc.,TBI
"TrueCar, Inc.",TRUE
Trulia,TRLA
"TubeMogul, Inc.",TUBE
Tucows,TCX
Tuesday Morning,TUES
Tupperware Brands,TUP
Turkcell,TKC
Turtle Beach,HEAR
Twin Disc,TWIN
Twitter,TWTR
Two Harbors Investment Corp.,TWO
Tyler Technologies,TYL
Tyson Foods,TSN
U.S. Global Investors,GROW
UBS,UBS
UDR,UDR
"UFP Technologies, Inc.",UFPT
UGI Corporation,UGI
UHS,UHS
"UMH Properties, Inc",UMH
"UNITED-GUARDIAN, INC.",UG
UPS,UPS
"US Ecology, Inc",ECOL
"US Ecology, Inc.",ECOL
USA Compression,USAC
USA Technologies,USAT
USA Technologies Inc.,USAT
"USA Truck, Inc.",USAK
USANA Health Sciences,USNA
USG,USG
UTStarcom,UTSI
Ubiquiti Networks,UBNT
Ultragenyx Pharmaceutical Inc.,RARE
Ultrapar,UGP
Under Armour,UA
Unilever,UL
Unilever,UN
Unisys,UIS
Unit Corporation,UNT
United Fire Group,UFCS
United Natural Foods,UNFI
United Rentals,URI
United Technologies,UTX
United Therapeutics,UTHR
UnitedHealth Group,UNH
Unitil,UTL
"Universal Forest Products, Inc.",UFPI
"Universal Technical Institute, Inc.",UTI
Univest,UVSP
Unum,UNM
Urban Outfitters,URBN
Urstadt Biddle Properties Inc.,UBA
Utah Medical Products,UTMD
VAALCO,EGY
"VAALCO Energy, Inc",EGY
VBI Vaccines Inc.,VBIV
VERISIGN,VRSN
"VIVUS, Inc.",VVUS
VMware,VMW
VOXX International Corporation,VOXX
Vail Resorts,MTN
Valero Energy Corporation,VLO
Valmont Industries,VMI
"Valmont Industries, Inc.",VMI
Value Line,VALU
Vanda Pharmaceuticals,VNDA
Varian Medical Systems,VAR
Varonis,VRNS
Vector Group LTD,VGR
Vectren,VVC
Vectrus,VEC
Veeco,VECO
Veeva Systems,VEEV
"Ventas, Inc.",VTR
Vera Bradley,VRA
"Veracyte, Inc.",VCYT
Verastem,VSTM
Vericel Corporation,VCEL
Verifone,PAY
Verint,VRNT
Verisk,VRSK
Verisk Analytics,VRSK
Veritiv Corporation,VRTV
Verizon,VZ
Vermilion Energy,VET
"Vermillion, Inc.",VRML
"Versartis, Inc.",VSAR
Vertex Energy Inc.,VTNR
Vertex Pharmaceuticals,VRTX
ViaSat Inc.,VSAT
Viacom,VIAB
Viad Corp,VVI
Viasat Inc.,VSAT
Vical,VICL
Village Bank,VBFC
Vince,VNCE
Virco,VIRC
Virtus Investment Partners,VRTS
Virtusa,VRTU
Visa,V
"Vishay Intertechnology, Inc.",VSH
"Vishay Precision Group, Inc. (VPG)",VPG
"VistaGen Therapeutics, Inc.",VSTA
Visteon Corporation,VC
"Vital Therapies, Inc.",VTL
Vivint Solar,VSLR
Vocera,VCRA
Vocera Communications,VCRA
Vonage,VG
Vornado Realty Trust,VNO
Voya Financial,VOYA
Vulcan Materials Company,VMC
W&T Offshore,WTI
W. P. Carey Inc.,WPC
W.R. Grace,GRA
WABCO,WBC
WD,WD
"WD, a Western Digital Company",WD
"WD, a Western Digital company",WD
WD-40 Company,WDFC
WEX,WEX
WPX Energy,WPX
WSI Industries,WSCI
WWE,WWE
Wabash National,WNC
Waddell & Reed,WDR
WageWorks,WAGE
Walgreens,WBA
Walker & Dunlop,WD
Washington Federal,WAFD
Washington Prime Group Inc.,WPG
"Waste Connections, Inc.",WCN
Waste Management,WM
Waters Corporation,WAT
"Watsco, Inc.",WSO
Watts Water Technologies,WTS
Wausau Paper,WPP
Wayfair,W
Wayside Technology Group,WSTG
Weatherford,WFT
Web.com,WWWW
Weibo Corporation,WB
Weight Watchers,WTW
Weingarten Realty,WRI
Weingarten Realty Investors,WRI
Weis Markets,WMK
WellCare Health Plans,WCG
Wells Fargo,WFC
Werner Enterprises,WERN
WesBanco,WSBC
Wesco Aircraft,WAIR
West Pharmaceutical Services,WST
Westell,WSTL
Western Digital,WDC
Westlake Chemical,WLK
"Westwood Holdings Group, Inc.",WHG
"Weyco Group, Inc.",WEYS
Weyerhaeuser,WY
Whitestone REIT,WSR
Whole Foods Market,WFM
Wilhelmina,WHLM
Willamette Valley Vineyards,WVVI
Willdan,WLDN
Williams,WMB
"Williams-Sonoma, Inc.",WSM
Willis,WLTW
Winnebago,WGO
Wintrust Financial Corporation,WTFC
Wipro,WIT
Wix.com,WIX
"Woodward, Inc.",WWD
Workday,WDAY
World Fuel Services,INT
Worthington Industries,WOR
Wright Medical,WMGI
XO Group Inc.,XOXO
XOMA,XOMA
"XPO Logistics, Inc.",XPO
Xcel Energy,XEL
Xcerra Corporation,XCRA
Xencor,XNCR
"Xenetic Biosciences, Inc.",XBIO
Xenon Pharmaceuticals Inc.,XENE
"Xerium Technologies, Inc.",XRM
Xerox,XRX
Xilinx,XLNX
Xplore Technologies,XPLR
Xylem Inc.,XYL
YPF,YPF
"YRC Worldwide, Inc.",YRCW
YY Inc.,YY
Yahoo,YHOO
Yahoo! Inc.,YHOO
Yahoo! Inc. ,YHOO
Yamana Gold Inc.,AUY
Yandex,YNDX
Yelp,YELP
Yum! Brands,YUM
"ZAGG, Inc.",ZAGG
"ZS Pharma, Inc.",ZSPH
"Zafgen, Inc.",ZFGN
Zayo Group,ZAYO
Zebra Technologies,ZBRA
Zendesk,ZEN
Zillow,Z
"Zion Oil & Gas, Inc.",ZN
Zions Bancorporation,ZION
Ziopharm Oncology,ZIOP
Zix,ZIXI
Zoetis,ZTS
Zoetis Inc.,ZTS
"Zogenix, Inc.",ZGNX
Zumiez,ZUMZ
Zynga,ZNGA
athenahealth,ATHN
bluebird bio,BLUE
"comScore, Inc.",SCOR
eBay,EBAY
eGain Corporation,EGAN
"eHealth, Inc.",EHTH
genpact,G
iCAD,ICAD
iPass,IPAS
iRobot,IRBT
inContact,SAAS
j2 Global,JCOM
lululemon,LULU
lululemon athletica,LULU
magicJack,CALL
tuniu.com,TOUR
uniQure,QURE
voxeljet AG,VJET
"xG Technology, Inc.",XGTI
